Department,Malicious Word,Phrase,Flag
Legal,free,is free of,1
Government Relations,basis,other basis protected,1
Legal,includes,which includes,1
Government Relations,related,related,1
HR,veteran,veteran,1
Legal,recreation,and recreation,1
Legal,appropriate,including appropriate,1
Ethics and Compliance,defined,defined by law pregnanc y,1
HR,breastfe,childbirth breastfe ed ing and related medical conditions,1
Security,actions,personnel actions,1
Security,information,information,1
Ethics and Compliance,commitment,with this commitment the,1
Legal,unlawful,unlawful,1
Legal,notice,without prior notice parson s,1
Legal,conviction,conviction,1
HR,status,status,1
Security,identity,identity,1
Legal,age,ethnic ity age sex gender,1
HR,employment,employment,1
Legal,based,and termination solely based,1
Legal,law,law or regulations,1
Security,corporation,corporation maintains a,1
Ethics and Compliance,discipline,discipline,1
Security,color,race color creed religion,1
Legal,promptly,seriously respond promptly and will,1
HR,applicants,all applicants,1
Ethics and Compliance,discrimination,discrimination and,1
Legal,sexual,sexual,1
HR,gender,assignment gender expression and gender,1
Legal,including,including,1
HR,assistance,plans education tuition assistance,1
Legal,lay,subject to lay,1
HR,hired,or hired,1
Legal,complaint,for filing a harassment complaint or for participating in the resolution process or files an unfounded harassment complaint intended to cause harm this,1
Security,parson,programs for which they qualify parson s has a,1
Security,center,policy procedure center the or,1
Legal,allegations,take all allegations of harassment or,1
HR,human,human resources,1
Ethics and Compliance,harassment,undergo harassment,1
Legal,action,action,1
Security,benefit,company benefit,1
Legal,marital,marital,1
Government Relations,social,social,1
Legal,canada,in canada,1
HR,employee,employee who interferes,1
HR,ed,identity lgbtqia + status pardon ed,1
Ethics and Compliance,disciplinary,or disciplinary,1
Security,hair,natural hair,1
Security,ability,on merit qualifications and the ability to perform the essential functions of the,1
HR,position,position,1
HR,discharged,is not meant to inhibit properly discharged,1
HR,managerial,managerial,1
Legal,genetic,styles genetic,1
Legal,national,national origin,1
Legal,es,retaliat es against an,1
Security,requirement,training requirement in,1
Legal,kind,of any kind the,1
Legal,applicable,by applicable,1
Legal,individual,individual,1
Legal,expression,and gender expression this,1
Legal,complaints,the resolution of complaints,1
Government Relations,parties,respects the rights and dignity of all parties all parties to a harassment or,1
Legal,remedial,remedial,1
Legal,strict,strict,1
Ethics and Compliance,committed,is committed to,1
Security,condition,medical condition as defined,1
HR,training,training,1
Legal,available,on merit performance and qualifications to perform the available,1
HR,company,company,1
Security,preventing,preventing,1
HR,disability,orientation disability,1
Ethics and Compliance,consistent,a manner that is timely consistent fair and,1
Legal,prohibiting,prohibiting,1
Government Relations,administration,be treated equally with regard to the administration of,1
Legal,california,california visit httpswwwdfehcagovshpt parson s has established a,1
Legal,provided,is provided,1
Security,conditions,conditions,1
Legal,medical,medical,1
Legal,french,spoken including french,1
HR,work,work,1
Legal,recall,recall,1
Security,zerotolerance,zerotolerance,1
Government Relations,language,language,1
Security,process,process,1
Legal,america,north america the most current and effective version of this document is available and maintained on the parsons,1
HR,compensation,compensation,1
Security,environment,providing a work environment that,1
Security,ce,an ce stry,1
Security,ibilities,respons ibilities,1
Security,keeping,in keeping,1
Legal,styles,styles,1
Security,prevention,prevention training as required,1
Government Relations,family,family,1
Legal,lgbtqia,lgbtqia + status,1
HR,employees,employees,1
Security,texture,texture and,1
Government Relations,policy,policy,1
HR,assignments,assignments transfers promotions,1
Legal,required,are required to,1
